theme_id,need_theme_l1,need_theme_l2,issue_count,affected_models,app_count,phone400_count,avg_severity,avg_sentiment,priority_score,sample_quotes
66a7d269fd96b479,智驾体验,智驾接管安全,201,LS6:82|LS8:43|LS9:42|L6:24|LS7:5|L7:1,171,30,2.045,-0.149,100.0,2.驻车开门的时候可以自动调低媒体音量，增加下车安全。3.天气预报界面，可以增加空气质量指数的信息 | 1.倒车的时候，增加自动调低媒体音量功能，否则雷达警示音听不清楚，影响安全 | 2.驻车开门的时候可以自动调低媒体音量，增加下车安全。3.天气预报界面，可以增加空气质量指数的信息
13d7b5441e629ce2,服务体验,维修进度透明度,374,LS6:136|LS8:110|L6:58|LS9:36|LS7:21|L7:5,8,366,1.011,0.596,31.49,满意度回访-售后 客户打分：/ 客户反馈内容： 1）用户表示刹车异响的问题没有解决，因为每次刹车盘比较冷的情况下，刹车就会异响，客服解释阿曼克角现象，用户表示门店已经告诉自己需要更换配件，自己准备下一次保养的时候去处理刹车异响的问题，无需反馈 | 满意度回访-售后 客户打分：/ 本次保养维修是否一次性解决反馈的所有问题：否 客户反馈内容：用户针对本次保养维修未一次性解决反馈的所有问题，原因是ETC存在经常失灵无法正常进出高速，但售后由于没有工具未对ETC进行检修，表示不需要反馈 | 满意度回访-交付 用户打分：/ 用户反馈内容： 1）用户反馈车辆出现黑屏问题，已发生两次，故障时间：5月27号 7-8点左右。发生频次：偶发。用户表示已经联系售后，售后表示将数据发送到厂家去分析，但原因分析尚未出来。用户要求反馈催促处理。辛苦老师协助。
da37e612579ab079,交付体验,提车服务效率,264,LS8:138|LS6:62|LS9:40|L6:18,4,260,1.011,0.549,23.1,满意度回访-交付 客户打分：/ 客户反馈内容： 1）用户建议交付的时候，工作人员可以慢点介绍一下车辆功能，这样也能了解的全面一点，再就是希望提车两三天之后，可以再次邀请进店，体验一下车辆功能，这样后续用车的时候，对功能了解的更全面，用车的时候也更安全，客服安抚记录，用户认可，不需要反馈 | 用户反馈车辆后排屏幕经常死机、无法观看，且车辆在行驶中停下后无法再次启动，方向盘动不了。用户刚提车几天就出现多个问题，认为新车不应如此。用户已与交付人员约定当天下午开去店里检查。 | LS8交付回访反馈 客户打分：已评 问题反馈： 1）用户表示在高速上其他品牌有专用的充电桩，智己的没有，坐席记录建议后续作为参考，用户认可无需反馈
4e5a102b5e2a09e2,其他,其他,165,LS6:56|LS8:47|LS9:26|L6:17|LS7:2,129,36,1.024,-0.067,16.01,老款的l6能不能升级后轮转向角度，升级到新款的一样大。后轮转向功能对掉头真的好用 | 我以为是我车技很好。直到，我使用了ls9，同样情况，我过车，结果碰撞了 | 以上功能都是其他新能源品牌甚至是很多燃油车都有的功能，希望厂家尽快OTA升级解决
c8acd83ef6513e5e,智舱体验,多屏娱乐协同,139,LS6:53|LS9:37|LS8:28|L6:12|LS7:6,98,41,1.043,-0.079,12.9,【安全】【氛围灯】 现状：氛围灯4门和中控大喇叭为一体联动，夜间行车时，中控大喇叭有明显反射，严重影响安全； 优化方案： 1，改为分区控制，客户分区可选开关 2，或默认全天时速大于10KM，自动关闭中控氛围灯。 | 系统版本1.1.1，今天晚上9点45至10:00之间，车辆直行过程中，自动打开了主驾屏幕屏保，非常危险！转向操作时，自动退出屏保了，怀疑系统有bug。设置是2分钟后主副驾屏幕同时，打开趣萌屏保。 | 能不能更新一个P挡，停车看电影的时候，主驾屏幕这一半也黑屏
e2a8ebbdc1560acf,智舱体验,导航信息准确性,121,LS6:68|L6:20|LS8:17|LS9:12|LS7:3,102,19,1.0,-0.091,9.02,用户表示用户进线反馈 上次自己反馈的辅助驾驶不能按照导航路线行驶的场景问题 不是导航导致的嘛 要求给自己升级导航 按照话术告知 用户不接受 就要升级导航 坐席建议等待后续升级公告 用户不接受 表示你别跟我说那些客套话 要求给自己反馈 | 关于地图的显示太小，容易走错道，希望后面升级系统的时候可以进行优化，坐席记录，不需要反馈 | 用户反馈快充前加热功能，是否可有单独的开关，不随导航设置开启 有时候知晓的站点，不会开启导航，这样冬季充电会影响到充电功率了，希望可有单独开关
7e7c79480493f94e,智舱体验,360影像视觉体验,46,LS6:21|LS9:8|LS8:7|L6:5|LS7:4,38,8,1.37,-0.109,8.93,倒车雷达提示音量无法调节大小，在雨天和外界不较吵闹的环境下，提示音太小声，不注意看360影像，很容易发生碰撞。后期升级希望能做调整。 | 雨夜模式低速状态下，左侧补盲界面总是显示a柱盲区，后侧方经常不给显示，即使打了左转向灯也不会调出左后影像。这个逻辑是啥时候改的，原本挺好用的，现在不好用了问题，由于致电您未接听，请您留下方便接听的时间，我们再次与您联系 | 在右转打右转向灯的时候看不见左边A柱，建议同步开启左侧A柱的补盲
0c882c1861e95262,智舱体验,车机系统稳定性与交互,68,LS6:25|LS9:16|L6:11|LS8:9|LS7:3|L7:2,43,25,1.088,-0.088,7.0,满意度回访-交付 整体打分：5 用户反馈内容： 用户表示车子昨天有俩个黄色指示灯亮，并且智能辅助驾驶不能用了，有个碰撞的指示灯也亮，在服务区重启了一下车机目前恢复正常，坐席致歉询问是否续反馈，用户表示先不用反馈，坐席告知后续有问题随时联系400电话，用户认可 | LS7第一代车主希望， ①升级后轮转向， ②车机芯片 ③800V平台 | 满意度回访-交付 客户打分：已评 投诉单（是/否）：否 客户反馈内容： 用户表示车机屏幕存在死机问题：在操作上下车底盘升降功能时，设置后功能不生效，重新点击设置时屏幕无反应（死机），需长按方向盘两个按键约十秒重启车机才能恢复正常
3a75f80e05f95c89,智舱体验,语音识别精准性,60,LS6:23|LS9:13|LS8:11|L6:9|LS7:1,47,13,1.067,-0.15,6.34,车机连接手机carplay后，手机蓝牙就连接不上车机，导致语音唤醒不了打电话功能。这样开车打电话时需要手动拨电话，会产生安全问题。希望两个功能同时可用。 | 语音经常唤不醒要点头像，行车中又不安全。建议可以让方向盘右边的多功能键唤醒，这样方便又安全。 | 后排闲聊易误唤醒语音助手，方言里 “智己” 与 “自己” 发音相近难区分；建议支持自定义唤醒词，并可关闭默认唤醒词。
58b171e25584a778,服务体验,服务响应效率,59,LS6:21|LS8:20|LS9:11|L6:3|L7:1|LS7:1,9,50,1.085,0.203,6.34,姓名:先生 联系电话：18518880055 车架号：风险自评：用户类型：否 情绪状态：否 风险场景：否 问题描述：客户进线表示灵晰底盘四个轮子转向在湿滑的路面稍微转向就会侧滑，现在有没有好的方案可以不使用灵晰底盘，这个即是优点也是缺陷，后轮推着前轮在有一定抗阻，能解决他就不会有顿挫感，有没有方法不使用灵晰底盘，坐席已建议形式反馈，功能使用问题，需服务回电  | 用户姓名：先生 用户联系方式：13828731593 车架号：LSJEH43C0SZ769493 用户进线咨询前向防碰撞辅助功能 (AEB)的工作范围，坐席已告知话术：针对前方车辆、行人或二轮车目标，工作速度范围为 8km/h-90km/h ，用户表示有时候溜车，车辆速度很慢，用户走神容易追尾，咨询能否出新功能可以自行选择工作速度范围，坐席告知帮其记录建议， | 用户给车辆状态打3分，表示刚拿到车时，车子给手机充电的地方就无法充电，工程师在那处理了好久，后来处理好了，坐席致歉，用户接受，表示无需反馈
dafec8442262560e,智驾体验,智驾决策优化,46,LS6:26|LS8:9|LS9:6|L6:5,38,8,1.174,-0.065,6.01,用户描述：用户表示目前的逻辑只能在打开智驾的情况下才能操作，除了体验不佳，还有安全风险； 用户建议：用户要求作为意见记录，尽快后续优化改进。 | 速度大于一定值时（比如50），打转向灯时自动打开后视影像，避免后车同步变道导致碰撞 | 问题3：下高架的时候经过汇入口前已经变道到最右侧车道，与汇入车辆容易发生碰撞，建议在经过汇入口之后再变道到最右侧车道下高架
b005dd2cbb813113,智舱体验,行车记录仪能力,36,LS6:16|LS9:7|L6:7|LS8:4|LS7:2,29,7,1.278,-0.333,6.01,【姓名】：先生 【联系方式】：13065865936 【车架号】：LSJWR4090RS092250 【故障发生时间】：2026.5.17 8:05 【故障发生的频率】：偶发 【故障时智能辅助驾驶状态】：城市领航辅助 【发生问题的具体路段】：城市道路路口 【请提供行车记录仪视频/照片】： 【具体问题描述】：客户进线表示自己使用领航辅助行驶时本来应该先右转然后 | 用户描述：行车记录仪确实踩刹车，踩油门显示 用户建议：用户表示希望行车记录仪能加入什么时候踩刹车，什么时候踩油门 | 快速行驶路面（比如限速80）遇到路口或道路缺口，都会明显制动降速，即便这时视野非常开阔没有任何等待过路的行人或车辆，也会这样操作，正常来说，应该正常行驶通过。
4ddede5b59a21ce2,车联车控,车门状态提醒,50,LS6:18|LS8:14|LS9:9|L6:4|L7:3|LS7:1,26,24,1.08,0.02,5.44,等红灯时，按开门健会启动车门，存在误触隐患。建议主驾设置锁车时，保持四门上锁状态，避免误触造成的安全隐患。 | 倒车雷达提示音、碰撞预警提示音，这些警示声音都太小了，而且也不能自主调节，音乐声音一大，警示音就全听不清了，建议尽快改进！ | 满意度回访-交付 用户打分：/ 用户反馈内容： 1）用户反馈希望购车门店的人员在专业知识方面再专业一点，认为部分年轻员工的专业知识量不够，用户在整体服务态度上表示满意。记录用户建议，用户表示不需要反馈。
31712d8e4a9b420a,智舱体验,哨兵模式可靠性,52,LS6:19|L6:14|LS8:11|LS9:7|LS7:1,44,8,1.077,-0.058,5.41,建议行车记录仪可以增加车辆状态 比如油门 刹车 转向等状态显示，另外建议增加哨兵模式的灵敏度选项，低灵敏度可以更省电一些 | 行驶在两边全是玻璃窗的道路，两边玻璃会有车的倒影，就像照镜子，车机会误识别两侧有车，太近就会报警，有可能会触发紧急制动，希望厂家团队能优化下。谢谢！ | 用户反馈：哨兵模式经常在应该录制的时候不触发。 用户建议：用户希望优化哨兵模式触发条件/功能效果，目前发现多次应该触发的场景却没有触发。
a9a863e8e2a1dc69,智舱体验,智能化体验提升,21,LS8:8|LS6:6|L6:5|LS9:1,20,1,1.286,-0.19,5.33,7.导航字体太小了，影响视觉效果，影响驾驶安全。8.以上功能都是友商几年前就有的功能，真的可以多学学 | 7.导航字体太小了，影响视觉效果，影响驾驶安全。8.以上功能都是友商几年前就有的功能，真的可以多学学 | 用户描述：用户反馈车辆音响只有主驾顶部这个有声音，其他音响都没有出现声音，并且呼叫语音智己，智己是可以进行操作，就是不应答，导航也有声音但是发不出来，打转向灯也是没有声音，屏幕有显示已经转向灯了 用户建议：建议通过软件优化改善
c4571aa30cb42cd3,智驾体验,自动泊车体验,43,LS6:20|LS8:8|LS9:7|L6:5|L7:2|LS7:1,38,5,1.163,-0.233,5.27,建议:当车机跳出自动泊车功能时，让车主选择中控屏点进到自动泊车，而不是直接进入，让车主有取消的机会，而不是做两步才能取消，而且还存在的碰撞危险 | 使用自动泊车，原地打方向把刹车踩的太死了，有很大的噪音，平底不至于要这么大的力度，建议按照水平仪的数据来调整刹车力度 | 目前在缓慢行驶中挂倒挡，自动泊车跳出，然后进行了自动驻车功能，本来我不需要泊车，进行一个倒车或者掉头，我需要退出泊车功能，然后在进行倒车车，我需要再踩一下店门加速才能动，而不是深踩一下刹车，电子驻车取消可以继续倒车，这个场景存在碰撞风险，而且体验感非常不好
5fab58987f5432b0,车辆品质,座椅与内饰体验,50,LS8:25|LS9:12|LS6:6|LS7:4|L6:1,22,28,1.04,0.16,4.6,智己ls7后排零重力座椅误触前排副驾不系安全带和鸿蒙一样会夹伤孩子的，这个是安全设计缺陷，什么时候能改，你不可能要求车主在停车休息时副驾必须系安全带的，出了事谁负责？ | 用户建议： ①车机1.1.1新增的锁车时自动上升二排扶手的功能，希望在车机上增加该功能效果的开关，不需要这个功能的话可以选择关闭； ②车机仪表上的卡片，希望增加一个可以自定义内容的卡片，把习惯查看的几个功能集合在一个卡片里查看，比如温度/里程数等几个分散在不同卡片里的功能显示； ③希望仪表上就可以直接看到座椅加热/通风功能开始时的效果； ④希望副驾驶屏幕可以 | 用户表示工作人员没有带自己体验零重力座椅的功能和使用方法，不需要坐席介绍
a69e0481b7004386,APP体验,APP流畅性优化,58,LS6:28|LS8:17|LS9:6|L6:3|LS7:2|L7:1,37,21,1.0,0.017,4.52,在APP上反馈过，告知等待后续软件升级。但是老款汽车升级很少。用户希望落实一下这个问题 | 满意度回访-交付 客户打分：/ 客户反馈内容：用户表示在修车时，4S店检测车辆没有检修出车上有两个凹陷的地方，具体在下裙部位，客服建议用户拍几张图片发送到APP私人管家并安抚反馈相关人员核实，用户后续表示算了，太麻烦了也不需要反馈 | 满意度回访-交付 客户打分：/ 客户反馈内容： 1）用户建议可以在智己APP定期推送一些车辆的使用方法和功能，毕竟电车，功能还是比较多的，客服安抚，用户认可，不需要反馈
c041ef2dccb8397d,车联车控,蓝牙钥匙稳定性,42,LS6:14|LS8:11|L6:9|LS9:7|L7:1,24,18,1.071,0.024,4.45,用户表示车辆走两分钟重锁的话不会触发蓝牙钥匙离车落锁这个逻辑存在安全隐患，表示路过车辆的话车辆解锁，被其他人看见，那这两分钟是不是会被扒车，表示这两分钟的时间不安全，用户希望作为建议给到相关部门，告知用户已记录反馈 | 增加手机NFC解锁功能，解决手机蓝牙解锁失灵。 | ②华为Mate60及以后机型和荣耀Magic 8等有华为星闪功能的机型，蓝牙钥匙信号比较强，经常会在不需要触发“近车自动解锁”功能的场景时误触发，蓝牙钥匙解闭锁距离调到最近也没用，手机在7楼也会触发近车解锁，希望对于有星闪功能的机型做相应适配，优化用户体验
cb1af5a3786d9284,交付体验,销售承诺兑现,71,LS6:36|LS8:13|L6:11|LS9:3,10,61,1.0,0.592,4.44,用户希望后续购车时把该承诺的东西最好写到合同里，坐席记录，用户表示不需要反馈 | LS8-交付回访反馈 整体打分：已评 其他评论： 用户表示销售人员承诺赠送的脚垫因为没货一直没给到自己，坐席致歉，用户表示与工作人员无关，就是希望脚垫生产的产能提高一点，坐席记录，用户表示无需反馈 | 满意度回访-交付 用户打分：/ 用户反馈内容： 1）用户反馈购车时销售承诺赠送充电桩，但近期用户准备安装时，工作人员告知充电桩不包含充电枪的费用，只有安装费用。用户认为销售人员事先未说明清楚充电枪需单独购买，导致其产生误解，希望厂家注意该问题并在后续沟通中提前说明。用户表示不需要反馈。
80364df2d32b2423,服务体验,人员专业性,54,LS8:29|LS6:12|L6:6|LS9:5|LS7:1,0,54,1.0,0.63,3.84,满意度回访-交付 客户打分：/ 客户反馈内容：用户反映脚踏板发货太慢了，但已对接工作人员，表示不需要反馈 | LS8-交付回访反馈 整体打分：- 其他评论： 用户表示之前提过建议，希望智己可以赠点腾讯或其他软件的会员体验体验，或者是流量也行，坐席致歉并记录，告知查看到之前反馈的建议工作人员也是做好记录了，请放心，用户接受，无需反馈 | 用户表示交付仪式不满意，因为交付的时候，都没有工作人员在现场，只有一个工作人员在忙前忙后，还是希望可以增加一点仪式感，客服安抚，用户认可，不需要反馈
fb0f82f2d728a58e,车联车控,后备箱远程控制,36,LS6:20|LS9:6|L6:5|LS8:4|LS7:1,33,3,1.056,-0.111,3.44,洗车模式每次用完后，都有各种bug，比如后备箱失灵，踏板失灵，需要在打开洗车模式，再关闭洗车模式才能恢复 | 后备箱未关紧状态下，无法启动车机 | 为什么LS6必须要车主才能关闭远程定位
9b4f4613c86e219f,灯光体验,智慧灯语自定义,44,LS6:18|LS8:11|LS9:9|L6:3,40,4,1.0,-0.136,3.31,用户描述：后台不支持推送“生日快乐”的灯语及动态灯语 用户建议：建议后台做一个“生日快乐”的灯语及动态灯语，支持推送给用户们使用 | LS8交付回访反馈 客户打分：已评 问题反馈： 用户咨询LS8尾灯灯语问题，坐席告知为满足国家法规要求，LS8 取消了动态尾灯非常感谢您对智己汽车的关注与信任，请您放心，智己汽车每一辆出厂车辆，均严格遵照国家机动车产品准入相关标准及要求，确保合法合规，坐席记录建议后续作为参考，用户认可无需反馈 用户表示一键穿行，坐席记录建议后续作为参考用户 | 因为没有智驾蓝灯 希望智慧灯语增加NOA模式下的场景选项
b655772c485a8e0b,智驾体验,车道居中与偏置策略,6,LS6:4|LS9:1,6,0,1.667,0.167,3.15,辅助驾驶风格有待优化：快速路行车习惯靠左道偏左、靠右道偏右行驶。当前辅助驾驶固定居中，安全冗余感不足。 | 辅助驾驶风格有待优化：快速路行车习惯靠左道偏左、靠右道偏右行驶。当前辅助驾驶固定居中，安全冗余感不足。 | LS9自动泊车很好用，但是由于车太宽，每次需要手动靠左贴边。希望自动泊车可以选择靠右，靠左或者居中停靠。类似的功能腾势就有。
92d85136bc1b807e,智舱体验,场景模式配置与触发,27,LS6:14|L6:7|LS8:2|LS9:2|L7:1|LS7:1,24,3,1.074,-0.074,2.63,建议把增程车的动力模式模块从屏幕右下角放到左下角，以便行驶途中电量低的时候手动切换（比如纯电模式切换到智能油电模式），右下角太远不方便操作而且有安全隐患，要不然就只能等电量极低强制用油了！或者增加一个设置选项当电量多少时自动切换智能油电模式（毕竟日常通勤基本纯电，高速长途才会用油） | 用户反馈：开启隐身模式后，ISC尾灯不会一起关闭。 用户建议：希望优化隐身模式的功能，开启后可以将ISC尾灯一起关闭。 | 【订单编号】SO20221212000023 【车系】L7 【车型】L7 Dynamic 【车架号】LSJE36095NS101981 【联系电话】15928805569 【用户姓名】陈可一 【车牌号】川AA26135 【门店地址】成都仁和新城经销 【问题描述】用户进线咨询L7是否有这个预约出行，开启空调的功能，已核实告知目前L7确实未有预约出行这个功能，已
8e30697cd89ee76e,内容生态,腾讯视频功能,27,LS6:15|LS9:5|L6:4|LS8:1,18,9,1.074,-0.111,2.6,左转后视频不要换来换去，本来打左转灯就是左后视频，但是你速度低于20Km又换到左前视频，有时候如果就看视频不看倒后镜的话还以后后面没来车呢，能不能好像打右转向灯就永远都是右视频这样？ | 用户表示倒车灯在洗车时进水起雾，现在虽然没有水雾了但灯罩模糊，不如之前清晰。门店工作人员告知用户再有起雾的时候进店协助检查一下，客服致歉并建议下次出现故障时可以拍摄故障视频，或联系400电话协助处理，用户接受，无需反馈 | 满意度回访-交付 用户打分：4分 用户反馈内容： 1）用户反馈自己是油车转电车的车主，对电车功能不熟悉，但交付专员在介绍车辆功能时讲解不完整、速度过快，导致用户难以记住，主要靠自己去琢磨。用户建议在等待贴膜等环节播放介绍视频，帮助车主提前了解功能。客服表示会如实登记并做出培训整改；用户表示不需要反馈。
7b65aa7841b053df,服务体验,服务流程精细化,24,LS6:9|LS9:6|L6:4|LS8:4,4,20,1.0,0.083,2.1,用户表示感觉车机如启动不是很流程，目前不影响使用，建议后续升级时可以优化一下，为其记录建议 表示电动踏板老是触发防夹，再收就回不去了，坐席已按FAQ告知，建议尝试自学习，告知步骤，用户表示已经试过了，还是不行，询问发生的具体时间点，为其反馈跟进，用户表示暂时没有，后续使用再出现会记录一下再反馈 | 满意度回访-售后 整体打分：- 用户反馈内容： 用户希望以后售后维修车辆时，4S店能提供代步车，坐席致歉记录争取后续优化，用户接受，无需反馈 | 用户希望优化上牌流程，用户想自己选号，去的第一个地方选不了，然后去车管所没有选到满意的，并且不能改，也没有预留时间，当时车管所快下班了
734672acc8105830,智舱体验,音响分区控制,24,LS9:7|LS6:7|LS8:6|L7:1|L6:1,20,4,1.0,-0.25,2.0,4.空调界面，可以增加pm2.5指数的信息。6.音响增加多段调节均衡器，便于个性化听音需求 | 4.空调界面，可以增加pm2.5指数的信息。6.音响增加多段调节均衡器，便于个性化听音需求 | 4.空调界面，可以增加pm2.5指数的信息。6.音响增加多段调节均衡器，便于个性化听音需求
2713d846beb6d571,智驾体验,CarPlay与NOA冲突,16,LS6:6|LS8:3|L7:3|L6:3|LS9:1,16,0,1.125,-0.312,1.75,建议NOA模式下，并道或转向时，先打开转向灯后再开始转向，现在是反的先动方向了，转向灯才开始亮起，这样给后车感知不友好 | 高速NOA在超车后停留在超车车道，建议增加超车后变回原车道的功能 | NOA 建议合理使用公交车道，不要打死不走
ad53df30c4b6a4e0,内容生态,音乐展示优化,27,LS6:10|LS8:9|L6:4|LS9:3,21,6,1.0,-0.222,1.74,用户建议： ①希望车机UI设计可以回归到车机在3.8.0左右时的效果，现在4.1.0的UI设计看着不舒服； ②用户希望优化蓝牙音乐的音质效果； ③用户希望优化连接Carlink后屏幕上显示内容的分辨率。 | 用户表示建议前排屏幕可以下载酷狗音乐汽水音乐表示一直使用的都是酷狗音乐，没有会很不方便，为其记录 | 满意度回访-交付 用户打分：/ 用户反馈内容： 1）用户反馈后排屏幕无法下载酷狗音乐等软件，用户之前咨询过工作人员已经告知用户无法下载，用户表示这样不方便，客服以建议的形式记录，用户表示不需要反馈。
fbbe54875dfa7bc5,车辆品质,雨刮策略与灵敏度,20,LS6:14|LS8:3|LS9:3,18,2,1.0,0.0,1.49,用户反馈车辆在有雨的时候，晚上雨刮会受路灯及前车尾灯灯光影响导致车辆雨刮异常刮起。白天就不会有这样的情况，希望后续软件优化 已感谢用户提议 | 用户反馈雨刮器控制开关设置在左手边，操作时需要同时转动和拨动，使用起来很不方便。 | 自动雨刮在灵敏度四档的情况下，中小雨基本不启动，只有大雨才行。希望后期能得到优化。
4061024c4f4c6c91,交付体验,交付礼品权益,18,LS8:7|LS6:6|L6:2|LS9:1,4,14,1.0,0.222,1.42,LS8-交付回访反馈 整体打分：5分 其他评论： 用户就是感觉交付时没有额外赠送礼品，有一点不太满意，坐席询问是否需反馈，用户咨询坐席现在能申请赠送礼品吗，坐席致歉婉拒，用户无需反馈，坐席记录争取后续优化服务，用户接受 | 用户表示赠送的两千块套装脚垫质量太差，建议以后可以送质量好一点的脚垫 | 满意度回访-交付 用户打分：/ 用户反馈内容： 1）用户反馈为什么除去交付礼外，没有其他赠品，记录用户建议，用户表示不需要反馈。
723aebcd07667b23,交付体验,交付流程体验,21,LS8:10|LS9:5|LS6:4|L6:1,0,21,1.0,0.476,1.4,LS8-交付回访反馈 整体打分：- 其他评论： 用户希望以后交付车辆能提前告知车主时间和交付流程，把流程压缩并精简一点，节约时间，坐席记录建议，争取后续优化，用户接受无需反馈 | 用户表示提车时间比较久，当时自己提车搞了一天，流程繁琐，建议流程简化一点，坐席记录建议，用户认可无需反馈 | 用户表示交付仪式一般，没什么仪式感，坐席询问不满意的点，用户描述交付流程手续太多，太麻烦了，坐席致歉记录，争取后续优化，用户接受
e395f1e5214cdd8b,智舱体验,主题屏保一致性,23,LS6:9|LS8:5|LS9:4|L6:3|L7:1,20,3,1.0,-0.217,1.36,满意度回访-交付 客户打分：/ 客户反馈内容： 1）用户建议可以把车辆的功能可以定期推送车辆的功能和主题等，可以增加与客户之前的互动，客服记录，用户认可，不需要反馈 | 用户描述：用户表示没有自定义屏保很单调 用户建议：建议尽快开放上架自定义屏保场景及主题。 | 智己ls9车机界面的UI设计像个200元的老人机。仪表主题更是丑到不能再丑，一共三个很丑的主题，居然2个还要收费。高级不是吹出来的，细节把控就是零跑和五菱的水平。这份建议肯定石沉大海，但总需要人发声的。细节决定成败，我会不会推荐又或者会不会再购，完全是你们自己决定的。
ee52bc72f0645eac,智舱体验,HUD显示范围,11,LS8:6|LS9:4|L6:1,11,0,1.182,-0.182,1.36,能否将左右转向时的后视图像移至HUD上，这样圆形方向盘就不会遮挡视线了 | 抬头显示内容应该加上时间显示，开车看时间太不方便。 | 建议抬头显示HUD中，自动驻车auto hold绿色H显示颜色较浅，容易看不清楚，建议修改一下，让H显示更加清洗（对比白色的显示，太不清楚了）。第二张图片基本就看不见。
0e90382cf6d81656,车辆品质,车门异响问题,10,LS9:3|LS8:2|LS6:2|L6:2|LS7:1,3,7,1.2,-0.1,1.34,车辆转向异响 | 满意度回访-交付 客户打分：/ 客户反馈内容： 1）用户表示车辆在行驶的时候，音响声音大点的话，副驾车门会有异响，故障时间：5.12号上午九点半，客服建议进店检测，用户表示在使用一段时间看一下，无需反馈 | 底盘空悬减震异响 智己l6的空悬也是拓普的 小米yu7一样也是拓普 而小米汽车那边已经有了改善件的消息 这是一个建议 而不是说什么都是正常 麻烦正视这个问题 而不是一味的说 正常。
7902cab65fe8a916,服务体验,维保取送服务,15,LS6:5|LS8:4|LS9:2|LS7:1|L7:1|L6:1,1,14,1.0,0.533,1.21,满意度回访- 随手评 客户打分：1 客户反馈内容： 1）用户表示app不显示保养提醒，但是现在问题已经解决，没有不满和建议，坐席记录，无需反馈 | LS8交付回访反馈 客户打分：已评 问题反馈： 1）用户表示购车建议赠送一次或者两次的保养，坐席告知针对建议后续作为参考，用户认可无需反馈 | 用户建议厂家推出车辆保养服务或底盘护板，并指出LS8三电机后部裸露在外，建议增加护板。
52b2ac111f2a5734,服务体验,门店休息区体验,5,LS6:4|LS9:1,1,4,1.4,0.2,1.2,满意度回访-交付 用户打分：/ 用户反馈内容： 1）用户提出两项建议：第一，希望厂家加大品牌宣传力度，让更多人了解智己品牌；第二，反馈车辆在不带气囊的颠簸路段行驶时，滤震过滤不够清晰，感觉有些颠簸，乘坐舒适性不佳。 用户表示不需要反馈。 | 舒适进出降低后磕在马路牙子上了，建议优化 | 2023 款 LS6 的系统的桌面卡片为什么没有舒适模式，需要节能模式，个性化模式，运动模式，却缺少了本来就有的舒适模式，建议加上这个卡片
4694e0ae21336f20,智驾体验,智驾安全策略,13,LS6:5|LS8:3|LS7:2|L6:1|LS9:1,12,1,1.0,0.0,0.99,用户反馈车辆出厂是很多东西都没有配备，需要自己单独去购买，用户举例说明未配备挡泥板，导致雨天行驶时全车容易脏，希望厂家能加装挡泥板。 | 雨夜模式，除了左右两侧，建议增加一个前视的视角，大雨天前面压根看不清啊 | 建议引入“雨天动态降速”程序，让智驾系统更拟人化、更符合老司机的驾驶习惯： 小雨工况：系统识别后主动将巡航速度降至 110km/h，并语音提示“目前小雨，已为您降速至110”
4a86bab188797a1a,智舱体验,仪表信息显示增强,11,LS8:5|LS6:3|LS9:2|L6:1,8,3,1.0,-0.545,0.98,2.老的车型，现在欢乐表问题太高，虽然法规是10%已内，自己的车辆是8%，但差距还是特别大，现在新车只有3%，希望后续L6车辆也可优化 | 百公里能耗建议再精确点，看起来像欢乐表，建议优化 | 用户描述：油耗显示逻辑问题，用户觉得这个逻辑显示的非常不准确，表示自己只用油跑，显示的油耗不准确 用户建议：希望增程器介入的里程就只计算这一段里程，而不是把纯电跑的里程都计算在内，这样更准确。
7da015e66cb40dbd,车辆品质,方向盘设计优化,13,LS6:5|LS9:4|LS8:4,10,3,1.0,0.0,0.97,用户表示在观察后摄像头的补盲区的时候，方向盘会挡住三分二的视线，希望可以调整一下车机补盲角度，客服安抚，用户认可，不需要反馈 | 用户反馈车辆选配了线控系统，但在设置线控个性化模式后，方向盘太重，希望厂家能够升级一下。 | Ls8的方向盘建议电动控制，有自动调节功能
432729b04cdb24f2,交付体验,配件交付延迟,13,LS8:8|L6:2|LS6:2,4,9,1.0,0.077,0.94,用户认为车还没提走还没开都没开就换了配件，体验非常不好，用户表示前车盖也很难打开，多个人都操作过了 | 满意度回访-交付 赠送专属的交付礼（是/否）：否 用户打分：/ 用户反馈内容： 1）用户反馈交付里面的小熊、收纳箱和u盘因厂家没有发货，还没有给到用户，用户希望可以把交付礼提前备齐，避免因缺货导致无法及时给到。用户表示与交付人员无关，对交付人员很满意。不希望因这件事影响到工作人员。用户表示不需要反馈。 | 用户表示提车后订购的脚踏板等配件迟迟未发货，车子是四月二十几号购买的，四月底已上报订单，截至5月6日仍未收到，询问4S店后被告知厂家未发货，但希望厂家能一次性将填表所需配件发齐、避免跑多趟
58c6652319e0eac7,账号与权益,账号换绑与登录,11,LS6:7|LS8:2|LS9:1|L6:1,5,6,1.0,-0.455,0.86,满意度回访-交付 客户打分：5 客户反馈内容：用户对提车当天的各项手续办理顺畅程度和提车当天的车辆状态不满意，原因是提车当天车机系统由于版本低，车机系统账号登录不了，且售后升级系统师傅不专业，跑了四次弄了九个小时才弄好，感觉特别影响提车体验，安抚致歉，用户表示现在已经弄好了，不需要反馈 | 用户描述：用户反馈只是切换了账号，确认没有修改过ISC尾灯的设置，切换回授权账号后记忆不同步，但隔天就恢复了正常， 用户建议：用户认为是系统软件BUG，希望能优化改善 | 用户描述：华为纯血鸿蒙手机无法绑定第三方账号中的微信。 用户建议：反馈华为方通过软件优化改善。
912d5639461b4ddd,车辆品质,车灯故障,8,LS6:6|LS9:1|L6:1,7,1,1.125,-0.125,0.74,仪表台上的氛围灯 会失灵不亮 一会儿亮一会儿不亮 | 希望辅助驾驶时，尾灯显示中文 辅助驾驶中，最好也是蓝色字体 | 满意度回访-售后 客户打分：已评 客户反馈内容： 1）用户针对是否一次性解决未明确回复表示ISC后尾灯不亮了，门店现在定取配件中， 坐席记录用户表示无需反馈
f9f6b395fe28d7fd,补能,充电管理与预约,8,LS6:5|L6:1|LS8:1|LS9:1,7,1,1.0,0.25,0.7,用户提出快充前预热工单，希望后续针对充电预热功能希望可设置更多场景。已感谢建议 | 希望在app中的充电订单可以合并开票 | 希望app中的充电桩能兼容其他品牌的充电桩，比如公牛
a7f95d470fc83521,车联车控,门把手误触优化,8,LS9:6|LS7:1|LS6:1,3,5,1.0,0.125,0.7,用户姓名：先生 联系电话：13301935988 问题描述：用户进线表示有没有按钮可以把后排的按键给禁用掉，否则老人误触很麻烦，坐席告知为其收集建议同步相关团队，建议留意一下官方公告，用户不认可表示同步到研发团队可以，但是需要我处相关工程师回电告知有没有收到后续会不会改进，坐席婉拒并告知为其记录，用户不认可要求相关专员回电，坐席告知为其记录反馈，用户认可 建 | 用户反馈车门把手非常灵敏，容易误触，希望作为产品建议反馈，后续改善。 | LS9蓝牙开门手机（华为）不灵验，有时和所处角度有关，从车子侧面走来有时距离车子十多米就有反应，有时迎着车子尾部走来和车子贴身了，还没反应 需要手动门把手处才伸出把手，有几回还要手动几次才伸出门把手。希望解决一下这个情况。
3e7b44fae60ae109,智舱体验,HiCar体验与管理,9,LS6:6|LS8:1|LS9:1|L6:1,8,1,1.0,-0.111,0.69,感应雨刷不好用，前挡玻璃已经全是水了还不刮，低档速度又太快，建议把感应改成固定吧，给几个低档刮速 | 这个say hi ，打完招呼后，卡在动画页面，不能继续，需要关闭后台才可以。手机也清理过这个内存，也卸载重新安装，都不可以。建议后台修复一下。 | 希望车机内置软件可以卸载；
6d5f41f931f769f9,智舱体验,空调控制优化,9,LS6:5|LS9:3|LS8:1,8,1,1.0,0.111,0.69,马上夏天了，希望可以添加一个 高温保护功能，车内温度超过多少度，会自动开启空调来降温。冬天车内温度低于多少度会自动开启空调恒温。 | 建议手机app增加远程调整空调档位的功能 | 后排空调开启后，如果不手动关闭，离车以后空调会一直在开启状态，希望能改进一下
39dc3c43582db2db,车辆品质,空气悬架与底盘体验,7,LS6:3|L6:2|LS9:1|LS8:1,4,3,1.0,-0.143,0.68,空气悬架高度不能精准调节，只有挡位能调，建议优化 | 用户表示希望车子以后出一个可以调节避震器弹簧软硬的功能，坐席记录建议，用户接受，无需反馈 | 建议智己L6空悬版本，最低行驶姿态高度可以再降低，尤其后悬架可以降低到轻松载物的高度！
be05ab0917555b21,车联车控,后视镜功能优化,7,LS9:3|L6:2|LS8:1|LS7:1,6,1,1.0,0.0,0.55,用户希望后续OTA升级能把后视镜自动折叠功能关闭，自己可以去设置开关。作为产品建议反馈。 | 建议下次升级OTA把电子后视镜可显示2分钟调整成可以一直使用电子后视镜 经常要2分钟划一下太麻烦了 | 目前ls8倒车后视镜下翻只能两侧一起 希望今后增加可以一侧下翻（右侧）功能 谢谢
3c79612f609753a6,智舱体验,无麦K歌与模拟声浪,6,LS6:3|L6:2|LS9:1,5,1,1.0,-0.167,0.5,麦克风跟其他品牌不适配，建议优化 | 新款车具备K歌功能，建议对24年之前的老款LS6等型号车完善K歌功能 | 24款l6，真的真的很想要无麦k歌功能。希望可以ota
4bc907fd358fcd39,服务体验,洗车服务质量,6,L6:2|LS8:1|LS6:1|L7:1|LS9:1,1,5,1.0,0.5,0.46,用户建议后续可以洗个车，因为可能自己提车时候，要下班了，就没有给自己洗车，客服安抚，用户认可，不需要反馈 | 满意度回访- 随手评 客户打分：3 客户反馈内容： 1）用户表示进行更换的天窗玻璃，工作人员告知换玻璃后不建议洗车，用户表示建议更换前洗一下，车本身很脏从去到提车都没洗，坐席记录安抚用户认可无需反馈 | 用户表示洗车后车身一直水往地上滴
7031f3ed0dd87c5d,外观设计,外观配色选项,7,LS9:2|LS8:1|LS6:1|L6:1,5,2,1.0,-0.571,0.41,倒车轨迹线灰白色太不清晰，特别在阳光下。希望能用明亮的颜色，黄 绿都可以。 | 用户对车辆颜色与广告宣传的实车颜色差距很大，记录用户问题，不需要反馈。 | 满意度回访-交付 用户打分：5 用户反馈内容： 1）用户表示现在已经购车，买车前是看到其他车型有紫色车漆才决定选购，但是最后觉得新一代智己LS6 Max更合适并下单，询问新一代智己LS6 Max为什么无法选择紫色车漆，要求反馈核实，辛苦老师处理
bdece12fa0e9adf1,智舱体验,车内照明与氛围灯,4,LS8:2|LS6:1|LS9:1,4,0,1.0,0.25,0.39,LS8的氛围灯亮度不够，布置的灯也太少了，根本就起不了调节车内氛围的作用，失去了氛围灯的作用，建议改进 | 希望晚上停车挂P档后车内阅读灯能够自动亮起，方便收拾物品下车离开 | 希望智己ls9可以实现一键车内阅读灯全亮功能
8c00654217a647ca,智驾体验,智驾合规与交通规则,4,LS6:2|LS8:2,2,2,1.0,0.25,0.38,用户反馈之前赶时间使用领航辅助，但出现实线变道，希望作为产品建议后续优化，改善体验。 | 用户反馈，车机升级之后，出现多次，领航辅助闯红灯，闯黄灯，已经过了停车线，用户认可领航辅助逻辑不合理，要求尽快升级版本优化。 | 十字路口有两个右转车道，其中左边车道为直行、左传和右转车道；右边车道为右转车道，在绿灯情况下，选择两个车道通行影响不大，但是红灯的情况下，应该优先选右边车道。该建议原因是开NOA时，多次红灯时，在右边车道无通行阻力的情况下，多次选左边车道
15b57be892b45af5,账号与权益,签到规则优化,6,LS6:3|LS9:2|LS7:1,3,3,1.0,-0.167,0.37,建议补签卡可以由用户自行选择兑换为固定数额的水晶，或者其他可使用的物品 | 满意度回访-售后 客户打分：- 客户反馈内容：用户意见是智己APP以前签到可以领积分，现在签到没有积分了，表示不需要反馈 | 用户反馈保险存在明显的捆绑销售行为：工作人员强迫用户在店内购买保险，用户因家人从事保险行业了解规则，提出先购买后退款，工作人员竟一度表示要“拒保”；最终因用户强硬态度才退款成功。用户认为销售人员与保险公司之间存在不当利益关系。
8cb13b456653a6cd,车辆品质,胎压告警位置问题,5,LS8:3|L7:1|LS6:1,4,1,1.0,0.0,0.25,用户咨询交车胎压给充到3.4是正常的吗，看说明书上写的是2.5的胎压，坐席询问是否需反馈核实，用户表示无需反馈 | 为什么胎压告警图标放在最上面，视线正好被方向盘圈⭕挡住导致看不到，等到发现出问题，轮胎已经报废了 | 手机智己app中，无里程表数，无胎压显示，无一键备车功能
69a3284552424d71,服务体验,电话触达体验,4,,4,0,1.0,-0.25,0.19,能不能销售别打电话了 烦死了 | 试驾竟然招来电话骚扰，对知己已经开始恶心，什么合生汇店，换五六个号循环给我打电话了，对知己已经开始恶心 | 差评，申请三天而已，不下十个电话，那么喜欢骚扰吗
00448432a2cd4745,服务体验,门店覆盖与试驾体验,2,,2,0,1.0,0.5,0.19,试驾预约比较难，门槛很高，远比一些高端品牌难的多，试驾体验一般。 | 请在贵州省毕节市 建立智己4s店，这边的车辆也不少，最近的都是90多公里 实在不方便
cf9ca0c414667ee6,交付体验,增值服务告知,2,LS9:1|LS6:1,0,2,1.0,0.5,0.17,用户建议厂家10000多的增值服务应在客户买车前说清楚，避免客户买完车后才发现有这个服务 | 满意度回访-交付 客户打分：4 专属开机画面和分享车机激活视频赢取水晶活动（是/否）：否 客户反馈内容：用户表示工作人员未介绍专属开机画面和分享车机激活视频赢取水晶活动，坐席发送操作流程给用户，用户认可，不需要反馈
9d829a6ae3c95d8b,新主题候选,新主题候选:以旧换新政策,1,LS6:1,0,1,1.0,1.0,0.12,用户表示智己车更新迭代的太快，有点背刺老车主，建议出一个智己车以旧换新的活动，坐席记录，用户接受，无需反馈
eafc2cd39f8480e2,服务体验,维修质量问题,1,L6:1,0,1,1.0,0.0,0.12,用户表示之前维修时门店代步车经常没有，也没有一次性处理好，自己来回折返，自己距离门店也比较远，维修时内饰也搞得很脏，主驾驶副驾驶细节也没有清理干净，洗车只洗外面，用户表示希望维修后内饰恢复原样，但是后续提车时内饰还是很脏
062b885466ef896e,新主题候选,新主题候选:CarPlay功能缺失,2,L6:1|LS6:1,2,0,1.0,-0.5,0.1,智己24款L6 没有苹果的CarPlay ，不能忘记首批用户，忘记升级吧，苹果用户基数还是大的，智己车友年轻为主，基本都用的苹果 | 智己ls6居然不支持CarPlay，这问题很难解决吗！
589d16540ca2aaa4,新主题候选,新主题候选:充电接口涉水设计缺陷,1,LS9:1,1,0,1.0,-1.0,0.1,这个黄色地方是充电线的接口，在经过涉水路段时候，车轮溅起的水会对其造成损坏，主控界面会有故障提醒，已经有车友发生该问题，车子经过涉水路面是一个很经常也很实际的用车情形，因此这个问题也应该属于设计方面的瑕疵或则缺陷，建议厂家重视一下，看看有什么召回整改方案，毕竟也不是大问题
54f33436ed33820c,新主题候选,新主题候选:充电网络合作,1,L7:1,1,0,1.0,0.0,0.1,强烈要求智己尽快恢复与汇充电的互联互通合作。汇充电在深圳龙岗、南山等区域覆盖广、停车充电一体化，对家庭出行、日常补能非常重要，是深圳车主高频使用的充电品牌。希望官方重视深圳车主需求，尽快恢复合作！！
1308927f6cc3d75c,新主题候选,新主题候选:动能回收强度优化,1,L6:1,1,0,1.0,0.0,0.1,动能回收档位太弱了，建议增加强档位，给用户自己选择，或者增加单踏板模式
baff402eeddbcc64,新主题候选,新主题候选:尾部造型优化,1,LS6:1,1,0,1.0,0.0,0.1,后轮位置的车屁股尾部两侧太鼓出来了影响后视镜视野，建议回缩一点。
72db70b632f5c44a,新主题候选,新主题候选:手表车钥匙,1,LS9:1,1,0,1.0,0.0,0.1,希望增加华为手表车钥匙。 华为watch5
1356406746f8958e,新主题候选,新主题候选:授权人隐藏,1,LS9:1,1,0,1.0,0.0,0.1,强烈建议 车主给授权人 基础授权的情况下让授权人在app上看不到车辆 开锁 开窗 蓝牙空调等信息 可以给车主增加隐藏 隐私功能 要不电车 信息透明化极其不自由
495333f929b0b47a,新主题候选,新主题候选:权益优惠券需求,1,LS6:1,1,0,1.0,0.0,0.1,希望推出LS6的三电终身质保大额优惠券
ff5027be7ed96f1a,新主题候选,新主题候选:续航显示准确性,1,LS6:1,1,0,1.0,-1.0,0.1,电池续航显示不准确，差距较大。今早通勤距离46km，电池续航从202km掉到了134km，掉了68km（实际模式），差距较大，希望改进。
e297c39254fb4a4c,新主题候选,新主题候选:价格迭代过快,1,LS6:1,0,1,1.0,0.0,0.06,用户姓名：女士 用户联系方式：13260713262 车架号:LSJWR4094SS078664 用户进线表示车辆更新迭代太快，带520激光雷达的车才20万，背刺老车主，坐席告知话术：您好，不同时期的购车权益都是限时限量的，根据不同的节点给锁单用户不同的购车权益
743e07e416c0da41,新主题候选,新主题候选:前备箱关闭困难,1,LS6:1,0,1,1.0,-1.0,0.06,用户反馈前备箱很难关闭，以女性的力量无法关上，需要找力气大的人帮忙才能关闭。
e4a59cb65d315c22,新主题候选,新主题候选:空调异响问题,1,L6:1,0,1,1.0,0.0,0.06,3.对于提出的空调现在使用的电磁阀因压力很大，开启空调有很大的boom一声
3d52d851bb18906d,灯光体验,灯光秀异常,1,LS9:1,0,1,1.0,0.0,0.06,该问题在提车当天（操作灯光秀时）出现过一次，由交付人员处理后恢复；后续客户自行操作时再次出现，重启后恢复
8b1929a93c32bfaf,车辆品质,车窗升降异常,1,LS9:1,0,1,1.0,0.0,0.06,用户表示有一次与爱人同时操作副驾车窗开关，导致车窗升起变为一段一段，重启后恢复正常；目前问题已解决
c045b2205796847f,新主题候选,新主题候选:应用生态缺失,1,L6:1,1,0,1.0,-1.0,0.05,没有汽水app，能不能快一点推出一个
f5b49a7d18200e04,新主题候选,新主题候选:手机适配支持,1,LS6:1,1,0,1.0,0.0,0.05,什么时候适配三星手机
6eef4bc7b02bd286,新主题候选,新主题候选:手表车钥匙支持,1,LS8:1,1,0,1.0,0.0,0.05,什么时候支持华为手表做为车钥匙
cc158e37b700ba48,新主题候选,新主题候选:挂挡故障,1,LS9:1,1,0,1.0,-1.0,0.05,LS9经常出现无法挂档的现象，必须把车辆再开关一次才能挂档。有急事的时候，真耽误事。让人不舒服。 能不能改进一下啊？
6e44409a876ab918,新主题候选,新主题候选:电池预热,1,LS7:1,1,0,1.0,0.0,0.05,冬天早上用车没有电池远程预热模式
bd27194fc2f410d8,新主题候选,新主题候选:脚窝灯迎宾灯配置,1,LS8:1,1,0,1.0,0.0,0.05,没有脚窝灯跟没有迎宾灯，这两个小的配置不应该减配掉吧
08e560c380454bed,新主题候选,新主题候选:自动远近光优化,1,LS6:1,1,0,1.0,0.0,0.05,自动远近光灯反应有点滞后，遇到前方车辆变光缓慢，老是被对方车辆用远光灯愤怒直射
fea1f24f6839855e,新主题候选,新主题候选:远程挪车,1,L6:1,1,0,1.0,0.0,0.05,开通远程挪车
a4fae9a01f06a1de,新主题候选,新主题候选:远程控制空调,1,L6:1,1,0,1.0,-1.0,0.05,能不能手机app可以控制空调
ddce32a31e3f375e,新主题候选,新主题候选:高压线束保护,1,LS8:1,1,0,1.0,0.0,0.05,商城出一款底盘装甲或者改进一下高压线束接头保护，在抖音和群里好多出现原厂护板断裂和高压线束进水断裂的事故！
